File Path,RMSE,CV(RMSE),NMBE,GOF,QS,ACE,IS,Train time
/Users/jsmith2/Code/@ic/Wattile_examples/notebooks/examples/exp_dir,42.57934,0.19737841255350017,0.020418010659167807,0.14031238879980912,9.282945428800762,0.0026864818519578004,137.4808891483905,40.82384858299338
/Users/jsmith2/Code/@ic/Wattile_examples/notebooks/examples/exp_dir,42.57934,0.19737841255350017,0.020418010659167807,0.14031238879980912,9.282945428800762,0.0026864818519578004,137.4808891483905,38.340238666991354
/Users/jsmith2/Code/@ic/Wattile_examples/notebooks/examples/exp_dir,42.57934,0.19737841255350017,0.020418010659167807,0.14031238879980912,9.282945428800762,0.0026864818519578004,137.4808891483905,40.311071709002135
/Users/jsmith2/Code/@ic/Wattile_examples/notebooks/examples/exp_dir,42.57934,0.19737841255350017,0.020418010659167807,0.14031238879980912,9.282945428800762,0.0026864818519578004,137.4808891483905,57.912708624993684
/Users/jsmith2/Code/@ic/Wattile_examples/notebooks/examples/exp_dir,42.57934,0.19737841255350017,0.020418010659167807,0.14031238879980912,9.282945428800762,0.0026864818519578004,137.4808891483905,42.92363041700446
/Users/jsmith2/Code/@ic/Wattile_examples/notebooks/examples/exp_dir,41.03548,0.19022176489646603,0.009484466184981036,0.1346741900646528,9.08207374986778,0.011603315232923683,132.4132323896043,41.959478958000545
